automobiles and vehicles,subject > science and technology > transportation > automobiles and vehicles,5095
games,subject > culture and humanities > games,4255
video games,subject > culture and humanities > games > video games,3542
biology,subject > earth and nature > biology,6017
healthcare,subject > health and fitness > health > healthcare,1158
health,subject > health and fitness > health,8205
medicine,subject > health and fitness > health > medicine,575
retail and shopping,subject > people and society > people > retail and shopping,4489
travel,subject > people and society > business > travel,3716
earth and nature,subject > earth and nature,24463
earth science,subject > earth and nature > earth science,1353
atmospheric science,subject > earth and nature > earth science > atmospheric science,797
oil and gas,subject > science and technology > energy > oil and gas,662
water bodies,subject > earth and nature > environment > water bodies,98
energy,subject > science and technology > energy,2201
electricity,subject > science and technology > energy > electricity,831
geology,subject > earth and nature > earth science > geology,551
news,subject > people and society > news,6226
social networks,subject > science and technology > internet > online communities > social networks,3875
arts and entertainment,subject > arts and entertainment,26663
finance,subject > people and society > business > finance,5294
economics,subject > people and society > social science > economics,2267
investing,subject > people and society > business > finance > investing,5170
insurance,subject > people and society > business > finance > insurance,1564
demographics,subject > people and society > social science > demographics,683
housing,subject > people and society > business > real estate > housing,465
social science,subject > people and society > social science,5179
education,subject > people and society > education,12970
